Sample,Torque_Nm,LSL_Nm,USL_Nm,Target_Nm
1,5.22,4,8,6
2,3.88,,,
3,5.76,,,
4,6,,,
5,3.18,,,
6,3.66,,,
7,5.02,,,
8,4.55,,,
9,4.86,,,
10,4.05,,,
11,5.92,,,
12,5.79,,,
13,4.95,,,
14,6.25,,,
15,5.41,,,
16,4.04,,,
17,5.29,,,
18,3.95,,,
19,5.92,,,
20,4.83,,,
21,4.69,,,
22,4.2,,,
23,6.39,,,
24,4.72,,,
25,4.44,,,
26,4.52,,,
27,5.49,,,
28,5.29,,,
29,5.34,,,
30,5.37,,,
31,7.82,,,
32,4.46,,,
33,4.36,,,
34,4.08,,,
35,5.59,,,
36,6.26,,,
37,4.76,,,
38,4.06,,,
39,4.07,,,
40,5.63,,,
41,5.75,,,
42,5.5,,,
43,4.22,,,
44,5.14,,,
45,5.01,,,
46,5.12,,,
47,5.91,,,
48,5.13,,,
49,5.67,,,
50,4.95,,,
51,5.2,,,
52,5.61,,,
53,3.54,,,
54,4.55,,,
55,4.4,,,
56,4.24,,,
57,4.59,,,
58,6.78,,,
59,4.03,,,
60,6.04,,,
61,3.37,,,
62,4.53,,,
63,5.06,,,
64,5.55,,,
65,5.71,,,
66,5.81,,,
67,4.52,,,
68,4.41,,,
69,5.89,,,
70,4.68,,,
71,3.69,,,
72,3.8,,,
73,3.99,,,
74,5.44,,,
75,5.04,,,
76,5.68,,,
77,4.44,,,
78,5.05,,,
79,5.6,,,
80,4.56,,,
81,5.4,,,
82,4.22,,,
83,4.51,,,
84,4.49,,,
85,3.75,,,
86,5.43,,,
87,4.4,,,
88,4.89,,,
89,5.42,,,
90,5.38,,,
91,5.65,,,
92,4.78,,,
93,4.45,,,
94,4.8,,,
95,3.37,,,
96,3.55,,,
97,3.65,,,
98,3.92,,,
99,5.33,,,
100,4,,,
101,4.49,,,
102,6.5,,,
103,4.51,,,
104,5.74,,,
105,3.97,,,
106,4.66,,,
107,3.96,,,
108,4.53,,,
109,5.87,,,
110,3.34,,,
111,5.37,,,
112,5.14,,,
113,4.28,,,
114,3.55,,,
115,4.96,,,
116,4.34,,,
117,5.14,,,
118,4.9,,,
119,6.94,,,
120,4.63,,,
121,3.9,,,
122,5.08,,,
123,5.12,,,
124,6.58,,,
125,5.86,,,
126,5.28,,,
127,6.73,,,
128,3.76,,,
129,4.24,,,
130,3.98,,,
131,4.48,,,
132,3.61,,,
133,5.61,,,
134,4.65,,,
135,3.53,,,
136,3.9,,,
137,5.23,,,
138,5.87,,,
139,7.57,,,
140,9.27,,,
141,5.35,,,
142,3.93,,,
143,3.05,,,
144,5.18,,,
145,4.08,,,
146,4.45,,,
147,4.27,,,
148,4.73,,,
149,6.17,,,
150,5.05,,,
151,4.71,,,
152,3.89,,,
153,3.38,,,
154,4.39,,,
155,4.82,,,
156,7.2,,,
157,5.02,,,
158,6.06,,,
159,4.37,,,
160,3.76,,,
161,3.95,,,
162,4.16,,,
163,7.8,,,
164,4.07,,,
165,5.87,,,
166,4,,,
167,5.99,,,
168,5.31,,,
169,4.72,,,
170,4.84,,,
171,4.23,,,
172,5.38,,,
173,4.42,,,
174,3.73,,,
175,3.68,,,
176,5.07,,,
177,6.91,,,
178,5.06,,,
179,4.75,,,
180,5.2,,,
181,6.5,,,
182,5.12,,,
183,4.46,,,
184,6.23,,,
185,5.36,,,
186,6.84,,,
187,5.08,,,
188,3.73,,,
189,3.61,,,
190,7.02,,,
191,7.13,,,
192,4.69,,,
193,4.49,,,
194,6.73,,,
195,3.83,,,
196,4.01,,,
197,5.62,,,
198,4.47,,,
199,4.87,,,
200,4.71,,,
